precision,recall,snr,nnd
1.000000000000000000e+00,9.799999999999999822e-01,1.500000000000000000e+01,1.171692929311801912e+01
