precision,recall,snr,nnd
9.523809523809523281e-01,8.666666666666666963e-01,1.000000000000000000e+01,1.171692929311801912e+01
