precision,recall,snr,nnd
8.266666666666666607e-01,8.399999999999999689e-01,1.000000000000000000e+01,2.060745930253618141e+01
