precision,recall,snr,nnd
7.500000000000000000e-01,6.400000000000000133e-01,5.000000000000000000e+00,1.491674961930463006e+01
