precision,recall,snr,nnd
8.757763975155279379e-01,9.333333333333333481e-01,2.000000000000000000e+01,1.171692929311801912e+01
