precision,recall,snr,nnd
7.164179104477611526e-01,9.799999999999999822e-01,1.000000000000000000e+01,1.836136699996177057e+01
