precision,recall,snr,nnd
1.000000000000000000e+00,7.800000000000000266e-01,1.000000000000000000e+01,2.060745930253618141e+01
