precision,recall,snr,nnd
1.000000000000000000e+00,7.600000000000000089e-01,1.000000000000000000e+01,1.491674961930463006e+01
