centroid_x,centroid_y
1.140000000000000000e+02,1.570000000000000000e+02
8.500000000000000000e+01,1.500000000000000000e+01
4.500000000000000000e+01,1.200000000000000000e+01
