precision,recall,snr,nnd
1.000000000000000000e+00,9.399999999999999467e-01,1.000000000000000000e+01,1.836136699996177057e+01
