precision,recall,snr,nnd
8.727272727272726849e-01,9.599999999999999645e-01,1.500000000000000000e+01,2.060745930253618141e+01
