precision,recall,snr,nnd
9.626865671641791078e-01,9.200000000000000400e-01,1.500000000000000000e+01,1.171692929311801912e+01
