precision,recall,snr,nnd
4.717948717948717841e-01,6.800000000000000488e-01,5.000000000000000000e+00,1.171692929311801912e+01
