centroid_x,centroid_y
1.380000000000000000e+02,1.190000000000000000e+02
