precision,recall,snr,nnd
8.727272727272726849e-01,9.799999999999999822e-01,2.000000000000000000e+01,2.060745930253618141e+01
