centroid_x,centroid_y
1.060000000000000000e+02,8.100000000000000000e+01
