precision,recall,snr,nnd
1.000000000000000000e+00,5.266666666666666163e-01,5.000000000000000000e+00,1.171692929311801912e+01
