precision,recall,snr,nnd
1.000000000000000000e+00,8.933333333333333126e-01,2.000000000000000000e+01,1.171692929311801912e+01
