centroid_x,centroid_y
5.000000000000000000e+00,2.620000000000000000e+02
