precision,recall,snr,nnd
9.759036144578313587e-01,6.066666666666666874e-01,5.000000000000000000e+00,1.128469645303272806e+01
