precision,recall,snr,nnd
1.000000000000000000e+00,9.066666666666666208e-01,1.000000000000000000e+01,1.128469645303272806e+01
