precision,recall,snr,nnd
9.649122807017543879e-01,5.899999999999999689e-01,5.000000000000000000e+00,1.403829127508802088e+01
