centroid_x,centroid_y
7.090000000000000000e+02,3.050000000000000000e+01
7.080000000000000000e+02,4.560000000000002274e+01
8.900000000000000000e+01,7.280000000000000000e+02
1.123000000000000000e+03,5.390000000000000000e+02
5.280000000000000000e+02,5.000000000000000000e+01
6.670000000000000000e+02,8.100000000000000000e+01
1.237000000000000000e+03,5.420000000000000000e+02
6.400000000000000000e+01,5.340000000000000000e+02
5.840000000000000000e+02,7.000000000000000000e+01
1.051000000000000000e+03,5.390000000000000000e+02
2.840000000000000000e+02,1.530000000000000000e+02
1.137000000000000000e+03,5.420000000000000000e+02
6.000000000000000000e+00,5.450000000000000000e+02
