precision,recall,snr,nnd
8.666666666666666963e-01,9.533333333333333659e-01,2.000000000000000000e+01,1.171692929311801912e+01
