precision,recall,snr,nnd
9.615384615384615641e-01,9.066666666666666208e-01,1.000000000000000000e+01,1.171692929311801912e+01
