precision,recall,snr,nnd
7.766990291262135804e-01,8.499999999999999778e-01,5.000000000000000000e+00,1.403829127508802088e+01
