precision,recall,snr,nnd
6.666666666666666297e-01,6.700000000000000400e-01,5.000000000000000000e+00,1.491674961930463006e+01
