centroid_x,centroid_y
1.800000000000000000e+01,1.100000000000000000e+02
1.320000000000000000e+02,9.800000000000000000e+01
1.630000000000000000e+02,3.600000000000000000e+01
1.380000000000000000e+02,1.190000000000000000e+02
2.800000000000000000e+02,1.300000000000000000e+01
1.020000000000000000e+02,2.270000000000000000e+02
