precision,recall,snr,nnd
8.725490196078431460e-01,9.300000000000000488e-01,1.000000000000000000e+01,1.403829127508802088e+01
