precision,recall,snr,nnd
8.675496688741721751e-01,9.466666666666666563e-01,1.000000000000000000e+01,1.128469645303272806e+01
