centroid_x,centroid_y
1.510000000000000000e+02,7.200000000000000000e+01
1.310000000000000000e+02,1.520000000000000000e+02
3.400000000000000000e+01,7.300000000000000000e+01
2.370000000000000000e+02,1.710000000000000000e+02
2.090000000000000000e+02,1.130000000000000000e+02
2.070000000000000000e+02,9.200000000000000000e+01
1.410000000000000000e+02,1.860000000000000000e+02
2.400000000000000000e+02,4.700000000000000000e+01
