precision,recall,snr,nnd
8.407079646017698860e-01,1.000000000000000000e+00,2.000000000000000000e+01,1.403829127508802088e+01
