precision,recall,snr,nnd
8.703703703703703498e-01,9.399999999999999467e-01,2.000000000000000000e+01,2.060745930253618141e+01
