precision,recall,snr,nnd
8.543689320388349051e-01,9.100000000000000311e-01,1.000000000000000000e+01,1.491674961930463006e+01
