precision,recall,snr,nnd
9.702970297029702706e-01,1.000000000000000000e+00,1.500000000000000000e+01,1.491674961930463006e+01
