centroid_x,centroid_y
2.750000000000000000e+02,1.580000000000000000e+02
2.860000000000000000e+02,1.610000000000000000e+02
3.700000000000000000e+02,1.360000000000000000e+02
5.750000000000000000e+02,2.360000000000000000e+02
6.000000000000000000e+00,5.500000000000000000e+02
5.810000000000000000e+02,7.500000000000000000e+01
5.870000000000000000e+02,7.800000000000000000e+01
4.920000000000000000e+02,4.400000000000000000e+01
4.090000000000000000e+02,8.100000000000000000e+01
