precision,recall,snr,nnd
8.750000000000000000e-01,1.000000000000000000e+00,1.500000000000000000e+01,2.060745930253618141e+01
