precision,recall,snr,nnd
4.476190476190476386e-01,6.933333333333333570e-01,5.000000000000000000e+00,1.171692929311801912e+01
