centroid_x,centroid_y
1.380000000000000000e+02,1.190000000000000000e+02
2.800000000000000000e+02,1.300000000000000000e+01
2.450000000000000000e+02,5.000000000000000000e+01
