precision,recall,snr,nnd
1.000000000000000000e+00,8.900000000000000133e-01,2.000000000000000000e+01,1.491674961930463006e+01
