precision,recall,snr,nnd
1.000000000000000000e+00,7.866666666666666252e-01,1.000000000000000000e+01,1.171692929311801912e+01
