num_spots,precision_stds
10,0.071976839
20,0.094219136
30,0.214716481
40,0.169428328
50,0.01235698
60,0.049274076
70,0.158118905
80,0.15519858
90,0.094644495
100,0.091735823
,
,
,