num_spots,recall_stds
10,0.028897379
20,0.124690747
30,0.132461955
40,0.115293611
50,0.081795891
60,0.115377742
70,0.115987969
80,0.11688897
90,0.15334342
100,0.143310435
,
,
,