num_spots,recall_means
10,0.972195122
20,0.762113821
30,0.841463415
40,0.917886179
50,0.761626016
60,0.743252033
70,0.859186992
80,0.890243902
90,0.832195122
100,0.857886179
,
,
,