precision,recall,snr,nnd
8.715596330275229286e-01,9.799999999999999822e-01,2.000000000000000000e+01,1.403829127508802088e+01
