centroid_x,centroid_y
3.200000000000000000e+01,6.900000000000000000e+01
1.310000000000000000e+02,1.520000000000000000e+02
3.400000000000000000e+01,7.300000000000000000e+01
1.300000000000000000e+02,1.570000000000000000e+02
1.080000000000000000e+02,3.400000000000000000e+01
1.090000000000000000e+02,3.000000000000000000e+01
