precision,recall,snr,nnd
9.072164948453608213e-01,9.100000000000000311e-01,1.000000000000000000e+01,1.403829127508802088e+01
