precision,recall,snr,nnd
7.272727272727272929e-01,9.799999999999999822e-01,1.000000000000000000e+01,1.836136699996177057e+01
