precision,recall,snr,nnd
6.562500000000000000e-01,8.399999999999999689e-01,5.000000000000000000e+00,1.836136699996177057e+01
