precision,recall,snr,nnd
8.125000000000000000e-01,8.199999999999999512e-01,5.000000000000000000e+00,1.403829127508802088e+01
