precision,recall,snr,nnd
6.938775510204081565e-01,6.999999999999999556e-01,5.000000000000000000e+00,2.060745930253618141e+01
