centroid_x,centroid_y
3.700000000000000000e+01,1.890000000000000000e+02
4.400000000000000000e+01,2.010000000000000000e+02
2.440000000000000000e+02,3.000000000000000000e+00
1.060000000000000000e+02,1.890000000000000000e+02
2.060000000000000000e+02,1.990000000000000000e+02
1.700000000000000000e+02,2.400000000000000000e+02
3.400000000000000000e+01,2.460000000000000000e+02
