centroid_x,centroid_y
2.450000000000000000e+02,5.000000000000000000e+01
2.490000000000000000e+02,5.000000000000000000e+01
