precision,recall,snr,nnd
9.705882352941176405e-01,1.000000000000000000e+00,1.500000000000000000e+01,1.491674961930463006e+01
