centroid_x,centroid_y
1.060000000000000000e+02,1.550000000000000000e+02
8.700000000000000000e+01,1.960000000000000000e+02
1.310000000000000000e+02,1.520000000000000000e+02
8.500000000000000000e+01,1.500000000000000000e+01
2.370000000000000000e+02,1.710000000000000000e+02
5.000000000000000000e+00,2.620000000000000000e+02
2.480000000000000000e+02,9.700000000000000000e+01
