centroid_x,centroid_y
2.010000000000000000e+02,4.000000000000000000e+00
2.130000000000000000e+02,2.800000000000000000e+01
