precision,recall,snr,nnd
8.468468468468468568e-01,9.599999999999999645e-01,2.000000000000000000e+01,1.491674961930463006e+01
