precision,recall,snr,nnd
1.000000000000000000e+00,9.666666666666666741e-01,2.000000000000000000e+01,1.128469645303272806e+01
