precision,recall,snr,nnd
1.000000000000000000e+00,8.399999999999999689e-01,1.000000000000000000e+01,1.403829127508802088e+01
