centroid_x,centroid_y
2.090000000000000000e+02,1.130000000000000000e+02
