precision,recall,snr,nnd
8.076923076923077094e-01,8.800000000000000044e-01,1.000000000000000000e+01,2.060745930253618141e+01
