precision,recall,snr,nnd
6.792452830188678847e-01,7.399999999999999911e-01,5.000000000000000000e+00,2.060745930253618141e+01
