centroid_x,centroid_y
8.600000000000000000e+01,9.700000000000000000e+01
1.640000000000000000e+02,1.210000000000000000e+02
3.200000000000000000e+01,8.500000000000000000e+01
