centroid_x,centroid_y
1.510000000000000000e+02,7.200000000000000000e+01
4.500000000000000000e+01,1.200000000000000000e+01
5.000000000000000000e+00,2.620000000000000000e+02
