precision,recall,snr,nnd
8.195488721804511378e-01,8.000000000000000444e-01,5.000000000000000000e+00,1.128469645303272806e+01
