precision,recall,snr,nnd
1.000000000000000000e+00,5.000000000000000000e-01,5.000000000000000000e+00,2.060745930253618141e+01
