precision,recall,snr,nnd
1.000000000000000000e+00,9.200000000000000400e-01,2.000000000000000000e+01,2.060745930253618141e+01
