centroid_x,centroid_y
1.670000000000000000e+02,2.540000000000000000e+02
1.310000000000000000e+02,1.440000000000000000e+02
0.000000000000000000e+00,0.000000000000000000e+00
1.510000000000000000e+02,1.390000000000000000e+02
8.500000000000000000e+01,1.970000000000000000e+02
5.300000000000000000e+01,1.050000000000000000e+02
2.260000000000000000e+02,1.640000000000000000e+02
