centroid_x,centroid_y
1.220000000000000000e+02,5.500000000000000000e+01
2.220000000000000000e+02,1.930000000000000000e+02
2.110000000000000000e+02,7.900000000000000000e+01
1.900000000000000000e+01,4.900000000000000000e+01
2.010000000000000000e+02,5.000000000000000000e+00
