precision,recall,snr,nnd
9.645390070921985304e-01,9.599999999999999645e-01,2.000000000000000000e+01,1.128469645303272806e+01
