centroid_x,centroid_y
1.330000000000000000e+02,5.640000000000000000e+02
2.450000000000000000e+02,4.390000000000000000e+02
2.250000000000000000e+02,2.340000000000000000e+02
1.310000000000000000e+02,3.480000000000000000e+02
8.170000000000000000e+02,1.110000000000000000e+02
