centroid_x,centroid_y
1.330000000000000000e+02,5.560000000000000000e+02
3.390000000000000000e+02,1.560000000000000000e+02
1.280000000000000000e+02,3.420000000000000000e+02
8.200000000000000000e+02,1.140000000000000000e+02
2.340000000000000000e+02,4.280000000000000000e+02
1.170000000000000000e+02,1.020000000000000000e+03
2.810000000000000000e+02,1.020000000000000000e+03
