centroid_x,centroid_y
2.390000000000000000e+02,4.340000000000000000e+02
8.230000000000000000e+02,1.060000000000000000e+02
2.310000000000000000e+02,3.390000000000000000e+02
1.390000000000000000e+02,5.590000000000000000e+02
1.220000000000000000e+02,1.015000000000000000e+03
1.250000000000000000e+02,5.480000000000000000e+02
1.280000000000000000e+02,3.420000000000000000e+02
