centroid_x,centroid_y
2.350000000000000000e+02,3.337500000000000000e+02
2.280000000000000000e+02,3.360000000000000000e+02
1.420000000000000000e+02,5.560000000000000000e+02
1.280000000000000000e+02,3.450000000000000000e+02
2.360000000000000000e+02,4.310000000000000000e+02
2.780000000000000000e+02,1.017000000000000000e+03
8.230000000000000000e+02,1.060000000000000000e+02
1.140000000000000000e+02,1.020000000000000000e+03
