centroid_x,centroid_y
1.530000000000000000e+02,3.860000000000000000e+02
2.340000000000000000e+02,3.340000000000000000e+02
1.280000000000000000e+02,3.450000000000000000e+02
2.360000000000000000e+02,4.310000000000000000e+02
8.200000000000000000e+02,1.080000000000000000e+02
