centroid_x,centroid_y
3.390000000000000000e+02,1.560000000000000000e+02
1.950000000000000000e+02,2.780000000000000000e+02
2.390000000000000000e+02,4.340000000000000000e+02
8.200000000000000000e+02,1.140000000000000000e+02
2.780000000000000000e+02,1.026000000000000000e+03
1.310000000000000000e+02,3.390000000000000000e+02
5.200000000000000000e+02,5.600000000000000000e+01
1.220000000000000000e+02,5.950000000000000000e+02
1.360000000000000000e+02,5.620000000000000000e+02
