centroid_x,centroid_y
3.200000000000000000e+01,6.900000000000000000e+01
1.510000000000000000e+02,7.200000000000000000e+01
3.400000000000000000e+01,7.300000000000000000e+01
4.500000000000000000e+01,1.200000000000000000e+01
5.000000000000000000e+00,2.620000000000000000e+02
