centroid_x,centroid_y
2.010000000000000000e+02,6.000000000000000000e+00
2.120000000000000000e+02,2.800000000000000000e+01
