precision,recall,snr,nnd
1.000000000000000000e+00,5.100000000000000089e-01,5.000000000000000000e+00,1.491674961930463006e+01
