precision,recall,snr,nnd
1.000000000000000000e+00,9.499999999999999556e-01,2.000000000000000000e+01,1.403829127508802088e+01
