precision,recall,snr,nnd
9.354838709677418818e-01,5.799999999999999600e-01,5.000000000000000000e+00,1.836136699996177057e+01
