precision,recall,snr,nnd
1.000000000000000000e+00,9.133333333333333304e-01,1.000000000000000000e+01,1.128469645303272806e+01
