precision,recall,snr,nnd
9.787234042553191182e-01,9.599999999999999645e-01,1.000000000000000000e+01,1.836136699996177057e+01
