precision,recall,snr,nnd
8.661417322834645827e-01,8.066666666666666430e-01,5.000000000000000000e+00,1.128469645303272806e+01
