precision,recall,snr,nnd
8.064516129032257563e-01,1.000000000000000000e+00,2.000000000000000000e+01,1.836136699996177057e+01
