min_sigma,max_sigma,best_threshold
6.677350548504039640e-01,1.003005618680948352e+01,2.200000000000000011e-01
