centroid_x,centroid_y
2.480000000000000000e+02,3.000000000000000000e+00
2.900000000000000000e+02,4.500000000000000000e+01
2.310000000000000000e+02,1.100000000000000000e+01
