min_sigma,max_sigma,best_threshold
6.503424206251208206e-01,2.260070447216345357e+01,3.400000000000000244e-01
